"Requirement","Feature","Implementation status","API","UI","Authorization","Privacy","Tests","Documentation","Observability","Evidence boundaries / deployment inputs"
"1","OPERATING MODE","Implemented","Compose + domain migrations","Next.js web/admin","Explicit account/member/service boundaries","Private defaults and storage","Build/typecheck/migration/restore","docs/architecture/design.md","Readiness + private process metrics","Separate control/delivery/job processes, Docker dependencies, strict configuration and documented role review."
"2","CORE PRODUCT VISION","Implemented","Compose + domain migrations","Next.js web/admin","Explicit account/member/service boundaries","Private defaults and storage","Build/typecheck/migration/restore","docs/architecture/design.md","Readiness + private process metrics","Separate control/delivery/job processes, Docker dependencies, strict configuration and documented role review."
"3","NON-NEGOTIABLE ARCHITECTURAL PRINCIPLES","Implemented","Compose + domain migrations","Next.js web/admin","Explicit account/member/service boundaries","Private defaults and storage","Build/typecheck/migration/restore","docs/architecture/design.md","Readiness + private process metrics","Separate control/delivery/job processes, Docker dependencies, strict configuration and documented role review."
"4","REPOSITORY ARCHITECTURE","Implemented","Compose + domain migrations","Next.js web/admin","Explicit account/member/service boundaries","Private defaults and storage","Build/typecheck/migration/restore","docs/architecture/design.md","Readiness + private process metrics","Separate control/delivery/job processes, Docker dependencies, strict configuration and documented role review."
"5","REQUIRED DOCKER SERVICES","Implemented","Compose + domain migrations","Next.js web/admin","Explicit account/member/service boundaries","Private defaults and storage","Build/typecheck/migration/restore","docs/architecture/design.md","Readiness + private process metrics","Separate control/delivery/job processes, Docker dependencies, strict configuration and documented role review."
"6","DOMAIN MODEL","Implemented","Identity/claims/personas/graph modules","Profile/personas/history","Current membership action matrix","Persona authority before projection","Integration/authorization/operations suites","docs/user-guide.md","Audit + revisions + request IDs","Nine types, stable IDs, reserved handles, personas, typed localized claims, provenance/freshness/source selection and confirmed relationships."
"7","IDENTITY TYPES","Implemented","Identity/claims/personas/graph modules","Profile/personas/history","Current membership action matrix","Persona authority before projection","Integration/authorization/operations suites","docs/user-guide.md","Audit + revisions + request IDs","Nine types, stable IDs, reserved handles, personas, typed localized claims, provenance/freshness/source selection and confirmed relationships."
"8","IDENTIFIERS","Implemented","Identity/claims/personas/graph modules","Profile/personas/history","Current membership action matrix","Persona authority before projection","Integration/authorization/operations suites","docs/user-guide.md","Audit + revisions + request IDs","Nine types, stable IDs, reserved handles, personas, typed localized claims, provenance/freshness/source selection and confirmed relationships."
"9","HANDLE SYSTEM","Implemented","Identity/claims/personas/graph modules","Profile/personas/history","Current membership action matrix","Persona authority before projection","Integration/authorization/operations suites","docs/user-guide.md","Audit + revisions + request IDs","Nine types, stable IDs, reserved handles, personas, typed localized claims, provenance/freshness/source selection and confirmed relationships."
"10","PERSONAS","Implemented","Identity/claims/personas/graph modules","Profile/personas/history","Current membership action matrix","Persona authority before projection","Integration/authorization/operations suites","docs/user-guide.md","Audit + revisions + request IDs","Nine types, stable IDs, reserved handles, personas, typed localized claims, provenance/freshness/source selection and confirmed relationships."
"11","CLAIM MODEL","Implemented","Identity/claims/personas/graph modules","Profile/personas/history","Current membership action matrix","Persona authority before projection","Integration/authorization/operations suites","docs/user-guide.md","Audit + revisions + request IDs","Nine types, stable IDs, reserved handles, personas, typed localized claims, provenance/freshness/source selection and confirmed relationships."
"12","CLAIM PROVENANCE","Implemented","Identity/claims/personas/graph modules","Profile/personas/history","Current membership action matrix","Persona authority before projection","Integration/authorization/operations suites","docs/user-guide.md","Audit + revisions + request IDs","Nine types, stable IDs, reserved handles, personas, typed localized claims, provenance/freshness/source selection and confirmed relationships."
"13","CLAIM FRESHNESS","Implemented","Identity/claims/personas/graph modules","Profile/personas/history","Current membership action matrix","Persona authority before projection","Integration/authorization/operations suites","docs/user-guide.md","Audit + revisions + request IDs","Nine types, stable IDs, reserved handles, personas, typed localized claims, provenance/freshness/source selection and confirmed relationships."
"14","CLAIM CONFLICT RESOLUTION","Implemented","Identity/claims/personas/graph modules","Profile/personas/history","Current membership action matrix","Persona authority before projection","Integration/authorization/operations suites","docs/user-guide.md","Audit + revisions + request IDs","Nine types, stable IDs, reserved handles, personas, typed localized claims, provenance/freshness/source selection and confirmed relationships."
"15","RELATIONSHIP GRAPH","Implemented","Identity/claims/personas/graph modules","Profile/personas/history","Current membership action matrix","Persona authority before projection","Integration/authorization/operations suites","docs/user-guide.md","Audit + revisions + request IDs","Nine types, stable IDs, reserved handles, personas, typed localized claims, provenance/freshness/source selection and confirmed relationships."
"16","AVATAR SYSTEM","Implemented","Media/avatar/delivery + consented-avatar","Avatar & media/schedules","Current publication or explicit avatar.read grant","Quarantine/immutable IDs/no-store/fenced cache","Unit/media/cache/private-avatar/fault checks","docs/api.md","Delivery/cache/job metrics","Five media purposes; immutable editing/variants; scheduled/persona/app/domain selections; fenced origin cache; documented generated/Gravatar subset. Public CDN capacity is deployment-specific."
"17","GENERATED AVATARS","Implemented","Media/avatar/delivery + consented-avatar","Avatar & media/schedules","Current publication or explicit avatar.read grant","Quarantine/immutable IDs/no-store/fenced cache","Unit/media/cache/private-avatar/fault checks","docs/api.md","Delivery/cache/job metrics","Five media purposes; immutable editing/variants; scheduled/persona/app/domain selections; fenced origin cache; documented generated/Gravatar subset. Public CDN capacity is deployment-specific."
"18","AI AVATAR GENERATION","Optional disabled","Disabled","Disabled","Disabled","Disabled","Disabled","Disabled","Disabled","AI imagery, OIDC and GraphQL are explicitly conditional/optional in the source and remain disabled. No enabled protocol or synthetic verification is advertised."
"19","MEDIA PLATFORM","Implemented","Media/avatar/delivery + consented-avatar","Avatar & media/schedules","Current publication or explicit avatar.read grant","Quarantine/immutable IDs/no-store/fenced cache","Unit/media/cache/private-avatar/fault checks","docs/api.md","Delivery/cache/job metrics","Five media purposes; immutable editing/variants; scheduled/persona/app/domain selections; fenced origin cache; documented generated/Gravatar subset. Public CDN capacity is deployment-specific."
"20","HIGH-VOLUME DELIVERY PLANE","Implemented","Media/avatar/delivery + consented-avatar","Avatar & media/schedules","Current publication or explicit avatar.read grant","Quarantine/immutable IDs/no-store/fenced cache","Unit/media/cache/private-avatar/fault checks","docs/api.md","Delivery/cache/job metrics","Five media purposes; immutable editing/variants; scheduled/persona/app/domain selections; fenced origin cache; documented generated/Gravatar subset. Public CDN capacity is deployment-specific."
"21","GRAVATAR-COMPATIBLE DELIVERY","Implemented","Media/avatar/delivery + consented-avatar","Avatar & media/schedules","Current publication or explicit avatar.read grant","Quarantine/immutable IDs/no-store/fenced cache","Unit/media/cache/private-avatar/fault checks","docs/api.md","Delivery/cache/job metrics","Five media purposes; immutable editing/variants; scheduled/persona/app/domain selections; fenced origin cache; documented generated/Gravatar subset. Public CDN capacity is deployment-specific."
"22","UNIVERSAL RESOLVER","Implemented","Profile/resolver/search/blocks/analytics","SSR pages/editor/previews","Current audience/channel/grant projections","SQL selection + typed policy + no-store","Integration/trust/operations/browser suites","docs/security/privacy.md","Aggregate counts and bounded request metrics","Approved native/handle/domain/own-email/GitHub/DID adapters, current projections and provenance; external transports are bounded. Other potential providers in the source are extension points."
"23","RESOLUTION FALLBACK","Implemented","Media/avatar/delivery + consented-avatar","Avatar & media/schedules","Current publication or explicit avatar.read grant","Quarantine/immutable IDs/no-store/fenced cache","Unit/media/cache/private-avatar/fault checks","docs/api.md","Delivery/cache/job metrics","Five media purposes; immutable editing/variants; scheduled/persona/app/domain selections; fenced origin cache; documented generated/Gravatar subset. Public CDN capacity is deployment-specific."
"24","PROVIDER CONNECTIONS","Implemented","GitHub adapter/import + provider request circuit","Connections/import review","Single-use provider state/current owner","Encrypted token/cache; private imported sources","Parser/operations/provider network faults","docs/api.md","Sync errors/history/quotas/circuit","GitHub OAuth/selected private import/sync/disconnect/history, encrypted credentials/cache, bounded retry/circuit/rate limit. Live provider authorization requires operator credentials."
"25","PROFILE SYNCHRONIZATION","Implemented","GitHub adapter/import + provider request circuit","Connections/import review","Single-use provider state/current owner","Encrypted token/cache; private imported sources","Parser/operations/provider network faults","docs/api.md","Sync errors/history/quotas/circuit","GitHub OAuth/selected private import/sync/disconnect/history, encrypted credentials/cache, bounded retry/circuit/rate limit. Live provider authorization requires operator credentials."
"26","VERIFICATION FRAMEWORK","Implemented","Domain/web-proof/DID/VC modules","Verification/custom-domain/credential panels","Specific proof/issuer/holder authority","Private evidence and explicit publication","Trust/TLS/operations; external inputs documented","docs/protocols.md","Expiry/revalidation/key/status metadata","DNS/well-known/rel=me/meta/cryptographic/issuer proof; gated custom-domain TLS; private JOSE VC and DID association/key lifecycle. Public DNS/ACME and cross-vendor conformance are not claimed from local fixtures."
"27","DOMAIN VERIFICATION","Implemented","Domain/web-proof/DID/VC modules","Verification/custom-domain/credential panels","Specific proof/issuer/holder authority","Private evidence and explicit publication","Trust/TLS/operations; external inputs documented","docs/protocols.md","Expiry/revalidation/key/status metadata","DNS/well-known/rel=me/meta/cryptographic/issuer proof; gated custom-domain TLS; private JOSE VC and DID association/key lifecycle. Public DNS/ACME and cross-vendor conformance are not claimed from local fixtures."
"28","CUSTOM DOMAINS","Implemented","Domain/web-proof/DID/VC modules","Verification/custom-domain/credential panels","Specific proof/issuer/holder authority","Private evidence and explicit publication","Trust/TLS/operations; external inputs documented","docs/protocols.md","Expiry/revalidation/key/status metadata","DNS/well-known/rel=me/meta/cryptographic/issuer proof; gated custom-domain TLS; private JOSE VC and DID association/key lifecycle. Public DNS/ACME and cross-vendor conformance are not claimed from local fixtures."
"29","VERIFIABLE CREDENTIALS","Implemented","Domain/web-proof/DID/VC modules","Verification/custom-domain/credential panels","Specific proof/issuer/holder authority","Private evidence and explicit publication","Trust/TLS/operations; external inputs documented","docs/protocols.md","Expiry/revalidation/key/status metadata","DNS/well-known/rel=me/meta/cryptographic/issuer proof; gated custom-domain TLS; private JOSE VC and DID association/key lifecycle. Public DNS/ACME and cross-vendor conformance are not claimed from local fixtures."
"30","DID INTEROPERABILITY","Implemented","Domain/web-proof/DID/VC modules","Verification/custom-domain/credential panels","Specific proof/issuer/holder authority","Private evidence and explicit publication","Trust/TLS/operations; external inputs documented","docs/protocols.md","Expiry/revalidation/key/status metadata","DNS/well-known/rel=me/meta/cryptographic/issuer proof; gated custom-domain TLS; private JOSE VC and DID association/key lifecycle. Public DNS/ACME and cross-vendor conformance are not claimed from local fixtures."
"31","PRIVACY POLICY ENGINE","Implemented","Profile/resolver/search/blocks/analytics","SSR pages/editor/previews","Current audience/channel/grant projections","SQL selection + typed policy + no-store","Integration/trust/operations/browser suites","docs/security/privacy.md","Aggregate counts and bounded request metrics","Separate visibility/discovery/channel/audience/transformation gates apply before disclosure; persona overrides suppress base fallback."
"32","VISIBILITY VS DISCOVERABILITY","Implemented","Profile/resolver/search/blocks/analytics","SSR pages/editor/previews","Current audience/channel/grant projections","SQL selection + typed policy + no-store","Integration/trust/operations/browser suites","docs/security/privacy.md","Aggregate counts and bounded request metrics","Separate visibility/discovery/channel/audience/transformation gates apply before disclosure; persona overrides suppress base fallback."
"33","PRIVACY TRANSFORMATIONS","Implemented","Profile/resolver/search/blocks/analytics","SSR pages/editor/previews","Current audience/channel/grant projections","SQL selection + typed policy + no-store","Integration/trust/operations/browser suites","docs/security/privacy.md","Aggregate counts and bounded request metrics","Separate visibility/discovery/channel/audience/transformation gates apply before disclosure; persona overrides suppress base fallback."
"34","OAUTH CONSENT","Implemented","Applications/developer/OAuth","Applications/Developer/consent receipts","Current holder owner/app/token/scopes/fields","No implicit disclosure; immediate revoke","Advanced + operations + actual HTTPS webhook","docs/api.md","Metadata-only logs/usage/delivery states","S256 PKCE public/confidential OAuth and native grants; receipts/activity; selected email/VC access; bounded app registration; real HTTPS HMAC retries/replay/rotation/current-consent checks."
"35","CONSENT RECEIPTS","Implemented","Applications/developer/OAuth","Applications/Developer/consent receipts","Current holder owner/app/token/scopes/fields","No implicit disclosure; immediate revoke","Advanced + operations + actual HTTPS webhook","docs/api.md","Metadata-only logs/usage/delivery states","S256 PKCE public/confidential OAuth and native grants; receipts/activity; selected email/VC access; bounded app registration; real HTTPS HMAC retries/replay/rotation/current-consent checks."
"36","APPLICATION ACCESS DASHBOARD","Implemented","Applications/developer/OAuth","Applications/Developer/consent receipts","Current holder owner/app/token/scopes/fields","No implicit disclosure; immediate revoke","Advanced + operations + actual HTTPS webhook","docs/api.md","Metadata-only logs/usage/delivery states","S256 PKCE public/confidential OAuth and native grants; receipts/activity; selected email/VC access; bounded app registration; real HTTPS HMAC retries/replay/rotation/current-consent checks."
"37","CONTACT RELAY","Implemented","Profile/resolver/search/blocks/analytics","SSR pages/editor/previews","Current audience/channel/grant projections","SQL selection + typed policy + no-store","Integration/trust/operations/browser suites","docs/security/privacy.md","Aggregate counts and bounded request metrics","Opt-in verified-sender private relay, explicit reply-address sharing, inbox/blocking and daily quotas."
"38","AUTHENTICATION","Implemented","Auth/account/OAuth modules","Security/account/consent","Verified active session and step-up","Digests/key-ring encryption/replay checks","MFA/WebAuthn/OAuth/account regressions","docs/protocols.md","Sanitized audit and quotas","Verified password/passkey/TOTP/recovery, single-use step-up and backup codes, session revocation, password/email changes and account settings/deletion."
"39","OPENID CONNECT PROVIDER","Optional disabled","Disabled","Disabled","Disabled","Disabled","Disabled","Disabled","Disabled","AI imagery, OIDC and GraphQL are explicitly conditional/optional in the source and remain disabled. No enabled protocol or synthetic verification is advertised."
"40","API CLIENTS","Implemented","Applications/developer/OAuth","Applications/Developer/consent receipts","Current holder owner/app/token/scopes/fields","No implicit disclosure; immediate revoke","Advanced + operations + actual HTTPS webhook","docs/api.md","Metadata-only logs/usage/delivery states","S256 PKCE public/confidential OAuth and native grants; receipts/activity; selected email/VC access; bounded app registration; real HTTPS HMAC retries/replay/rotation/current-consent checks."
"41","ORGANIZATIONS","Implemented","Organization/assertion/membership modules","People & roles/Assertions","Delegated action + distinct issuer/recipient","Recipient acceptance starts private","All eight roles/enterprise/credential checks","docs/user-guide.md","Actor audit/assertion status","Eight delegated roles, email-bound invitations, immutable issuer assertion and private recipient acceptance/publication/dispute/revocation."
"42","ENTERPRISE-MANAGED CLAIMS","Implemented","Organization/assertion/membership modules","People & roles/Assertions","Delegated action + distinct issuer/recipient","Recipient acceptance starts private","All eight roles/enterprise/credential checks","docs/user-guide.md","Actor audit/assertion status","Eight delegated roles, email-bound invitations, immutable issuer assertion and private recipient acceptance/publication/dispute/revocation."
"43","RBAC AND DELEGATION","Implemented","Organization/assertion/membership modules","People & roles/Assertions","Delegated action + distinct issuer/recipient","Recipient acceptance starts private","All eight roles/enterprise/credential checks","docs/user-guide.md","Actor audit/assertion status","Eight delegated roles, email-bound invitations, immutable issuer assertion and private recipient acceptance/publication/dispute/revocation."
"44","PROFILE MANAGEMENT DELEGATION","Implemented","Organization/assertion/membership modules","People & roles/Assertions","Delegated action + distinct issuer/recipient","Recipient acceptance starts private","All eight roles/enterprise/credential checks","docs/user-guide.md","Actor audit/assertion status","Eight delegated roles, email-bound invitations, immutable issuer assertion and private recipient acceptance/publication/dispute/revocation."
"45","PROFILE BLOCK SYSTEM","Implemented","Profile/resolver/search/blocks/analytics","SSR pages/editor/previews","Current audience/channel/grant projections","SQL selection + typed policy + no-store","Integration/trust/operations/browser suites","docs/security/privacy.md","Aggregate counts and bounded request metrics","Structured reorderable localized profile blocks, themes, sharing/vCard/QR, opt-in aggregates, machine/WebFinger/SEO/search and responsive keyboard/RTL controls."
"46","LINK-IN-BIO MODE","Implemented","Profile/resolver/search/blocks/analytics","SSR pages/editor/previews","Current audience/channel/grant projections","SQL selection + typed policy + no-store","Integration/trust/operations/browser suites","docs/security/privacy.md","Aggregate counts and bounded request metrics","Structured reorderable localized profile blocks, themes, sharing/vCard/QR, opt-in aggregates, machine/WebFinger/SEO/search and responsive keyboard/RTL controls."
"47","THEMES","Implemented","Profile/resolver/search/blocks/analytics","SSR pages/editor/previews","Current audience/channel/grant projections","SQL selection + typed policy + no-store","Integration/trust/operations/browser suites","docs/security/privacy.md","Aggregate counts and bounded request metrics","Structured reorderable localized profile blocks, themes, sharing/vCard/QR, opt-in aggregates, machine/WebFinger/SEO/search and responsive keyboard/RTL controls."
"48","BUSINESS CARD FUNCTIONALITY","Implemented","Profile/resolver/search/blocks/analytics","SSR pages/editor/previews","Current audience/channel/grant projections","SQL selection + typed policy + no-store","Integration/trust/operations/browser suites","docs/security/privacy.md","Aggregate counts and bounded request metrics","Structured reorderable localized profile blocks, themes, sharing/vCard/QR, opt-in aggregates, machine/WebFinger/SEO/search and responsive keyboard/RTL controls."
"49","DYNAMIC QR SYSTEM","Implemented","Profile/resolver/search/blocks/analytics","SSR pages/editor/previews","Current audience/channel/grant projections","SQL selection + typed policy + no-store","Integration/trust/operations/browser suites","docs/security/privacy.md","Aggregate counts and bounded request metrics","Structured reorderable localized profile blocks, themes, sharing/vCard/QR, opt-in aggregates, machine/WebFinger/SEO/search and responsive keyboard/RTL controls."
"50","ANALYTICS","Implemented","Profile/resolver/search/blocks/analytics","SSR pages/editor/previews","Current audience/channel/grant projections","SQL selection + typed policy + no-store","Integration/trust/operations/browser suites","docs/security/privacy.md","Aggregate counts and bounded request metrics","Structured reorderable localized profile blocks, themes, sharing/vCard/QR, opt-in aggregates, machine/WebFinger/SEO/search and responsive keyboard/RTL controls."
"51","PROFILE ACCESS ACTIVITY","Implemented","Applications/developer/OAuth","Applications/Developer/consent receipts","Current holder owner/app/token/scopes/fields","No implicit disclosure; immediate revoke","Advanced + operations + actual HTTPS webhook","docs/api.md","Metadata-only logs/usage/delivery states","S256 PKCE public/confidential OAuth and native grants; receipts/activity; selected email/VC access; bounded app registration; real HTTPS HMAC retries/replay/rotation/current-consent checks."
"52","MACHINE AND AGENT ACCESS POLICIES","Implemented","Profile/resolver/search/blocks/analytics","SSR pages/editor/previews","Current audience/channel/grant projections","SQL selection + typed policy + no-store","Integration/trust/operations/browser suites","docs/security/privacy.md","Aggregate counts and bounded request metrics","Separate visibility/discovery/channel/audience/transformation gates apply before disclosure; persona overrides suppress base fallback."
"53","MACHINE-READABLE REPRESENTATIONS","Implemented","Profile/resolver/search/blocks/analytics","SSR pages/editor/previews","Current audience/channel/grant projections","SQL selection + typed policy + no-store","Integration/trust/operations/browser suites","docs/security/privacy.md","Aggregate counts and bounded request metrics","Structured reorderable localized profile blocks, themes, sharing/vCard/QR, opt-in aggregates, machine/WebFinger/SEO/search and responsive keyboard/RTL controls."
"54","WEBFINGER","Implemented","Profile/resolver/search/blocks/analytics","SSR pages/editor/previews","Current audience/channel/grant projections","SQL selection + typed policy + no-store","Integration/trust/operations/browser suites","docs/security/privacy.md","Aggregate counts and bounded request metrics","Structured reorderable localized profile blocks, themes, sharing/vCard/QR, opt-in aggregates, machine/WebFinger/SEO/search and responsive keyboard/RTL controls."
"55","`rel=me` AND WEB OWNERSHIP","Implemented","Domain/web-proof/DID/VC modules","Verification/custom-domain/credential panels","Specific proof/issuer/holder authority","Private evidence and explicit publication","Trust/TLS/operations; external inputs documented","docs/protocols.md","Expiry/revalidation/key/status metadata","DNS/well-known/rel=me/meta/cryptographic/issuer proof; gated custom-domain TLS; private JOSE VC and DID association/key lifecycle. Public DNS/ACME and cross-vendor conformance are not claimed from local fixtures."
"56","INTERNATIONALIZATION","Implemented","Profile/resolver/search/blocks/analytics","SSR pages/editor/previews","Current audience/channel/grant projections","SQL selection + typed policy + no-store","Integration/trust/operations/browser suites","docs/security/privacy.md","Aggregate counts and bounded request metrics","Structured reorderable localized profile blocks, themes, sharing/vCard/QR, opt-in aggregates, machine/WebFinger/SEO/search and responsive keyboard/RTL controls."
"57","ACCESSIBILITY","Implemented","Profile/resolver/search/blocks/analytics","SSR pages/editor/previews","Current audience/channel/grant projections","SQL selection + typed policy + no-store","Integration/trust/operations/browser suites","docs/security/privacy.md","Aggregate counts and bounded request metrics","Structured reorderable localized profile blocks, themes, sharing/vCard/QR, opt-in aggregates, machine/WebFinger/SEO/search and responsive keyboard/RTL controls."
"58","TECHNICAL SEO","Implemented","Profile/resolver/search/blocks/analytics","SSR pages/editor/previews","Current audience/channel/grant projections","SQL selection + typed policy + no-store","Integration/trust/operations/browser suites","docs/security/privacy.md","Aggregate counts and bounded request metrics","Structured reorderable localized profile blocks, themes, sharing/vCard/QR, opt-in aggregates, machine/WebFinger/SEO/search and responsive keyboard/RTL controls."
"59","SEARCH","Implemented","Profile/resolver/search/blocks/analytics","SSR pages/editor/previews","Current audience/channel/grant projections","SQL selection + typed policy + no-store","Integration/trust/operations/browser suites","docs/security/privacy.md","Aggregate counts and bounded request metrics","Structured reorderable localized profile blocks, themes, sharing/vCard/QR, opt-in aggregates, machine/WebFinger/SEO/search and responsive keyboard/RTL controls."
"60","ANTI-ENUMERATION AND ANTI-SCRAPING","Implemented","Merge/export/import/legacy/lifecycle","Export/history/merge/account/legacy panels","Proof of both owners/current authority","Private import/restore; terminal deletion","Advanced/trust/operations/encrypted full restore","docs/operations/recovery.md","Job/checksum/merge/revision records","Explicit lifecycle, proved identity/account merge, source aliases/history/private provenance and versioned JSON/tar.gz archives with checked media and private import."
"61","IDENTITY LIFECYCLE","Implemented","Merge/export/import/legacy/lifecycle","Export/history/merge/account/legacy panels","Proof of both owners/current authority","Private import/restore; terminal deletion","Advanced/trust/operations/encrypted full restore","docs/operations/recovery.md","Job/checksum/merge/revision records","Explicit lifecycle, proved identity/account merge, source aliases/history/private provenance and versioned JSON/tar.gz archives with checked media and private import."
"62","ACCOUNT/IDENTITY MERGING","Implemented","Merge/export/import/legacy/lifecycle","Export/history/merge/account/legacy panels","Proof of both owners/current authority","Private import/restore; terminal deletion","Advanced/trust/operations/encrypted full restore","docs/operations/recovery.md","Job/checksum/merge/revision records","Explicit lifecycle, proved identity/account merge, source aliases/history/private provenance and versioned JSON/tar.gz archives with checked media and private import."
"63","PORTABILITY","Implemented","Merge/export/import/legacy/lifecycle","Export/history/merge/account/legacy panels","Proof of both owners/current authority","Private import/restore; terminal deletion","Advanced/trust/operations/encrypted full restore","docs/operations/recovery.md","Job/checksum/merge/revision records","Explicit lifecycle, proved identity/account merge, source aliases/history/private provenance and versioned JSON/tar.gz archives with checked media and private import."
"64","MIGRATION FROM EXTERNAL SERVICES","Implemented","GitHub adapter/import + provider request circuit","Connections/import review","Single-use provider state/current owner","Encrypted token/cache; private imported sources","Parser/operations/provider network faults","docs/api.md","Sync errors/history/quotas/circuit","GitHub OAuth/selected private import/sync/disconnect/history, encrypted credentials/cache, bounded retry/circuit/rate limit. Live provider authorization requires operator credentials."
"65","SELF-HOSTING","Implemented","Worker/scheduler/cache/backup/metrics/release scripts","Developer diagnostics/Prometheus UI","Private operator/moderator boundaries","Encrypted backups and guarded maintenance","Migrations/restore/TLS/resilience/fault/performance","docs/operations/deployment.md","Prometheus SLIs/alerts/queue and pool metrics","Self-hosted runtime, migrations/constraints/concurrent writes, authenticated database+S3 restore, leases/retention/revalidation, SLIs/alerts, separate workload/fault checks and immutable local release preparation. Host-specific publication/alert routing are operator inputs."
"66","FEDERATION","Implemented","Domain/web-proof/DID/VC modules","Verification/custom-domain/credential panels","Specific proof/issuer/holder authority","Private evidence and explicit publication","Trust/TLS/operations; external inputs documented","docs/protocols.md","Expiry/revalidation/key/status metadata","Orbit federation v1: discovery, pinned approved peers, EdDSA JOSE audiences/expiry/replay/sequence, public cache/update/delete/blocking and independently signed source/destination migration."
"67","WEBHOOKS","Implemented","Applications/developer/OAuth","Applications/Developer/consent receipts","Current holder owner/app/token/scopes/fields","No implicit disclosure; immediate revoke","Advanced + operations + actual HTTPS webhook","docs/api.md","Metadata-only logs/usage/delivery states","S256 PKCE public/confidential OAuth and native grants; receipts/activity; selected email/VC access; bounded app registration; real HTTPS HMAC retries/replay/rotation/current-consent checks."
"68","REST API","Implemented","Versioned REST/TS/Python/PHP clients/CLI/plugin","Developer portal/React/Gutenberg","Scoped tokens and WordPress account binding","Bounded transport/no secret URLs/local fallback","SDK packs/contracts/Python/PHP/real WordPress","integrations/README.md","Typed errors/current request IDs","Live shared OpenAPI input/claim/query/auth/output contracts, packaged TS/React/Python/PHP clients, resolver CLI, real WordPress native/comment/author/BuddyPress/Gutenberg/REST integration and declarative extension schemas."
"69","GRAPHQL","Optional disabled","Disabled","Disabled","Disabled","Disabled","Disabled","Disabled","Disabled","AI imagery, OIDC and GraphQL are explicitly conditional/optional in the source and remain disabled. No enabled protocol or synthetic verification is advertised."
"70","SDKs","Implemented","Versioned REST/TS/Python/PHP clients/CLI/plugin","Developer portal/React/Gutenberg","Scoped tokens and WordPress account binding","Bounded transport/no secret URLs/local fallback","SDK packs/contracts/Python/PHP/real WordPress","integrations/README.md","Typed errors/current request IDs","Live shared OpenAPI input/claim/query/auth/output contracts, packaged TS/React/Python/PHP clients, resolver CLI, real WordPress native/comment/author/BuddyPress/Gutenberg/REST integration and declarative extension schemas."
"71","UI COMPONENT SDK","Implemented","Versioned REST/TS/Python/PHP clients/CLI/plugin","Developer portal/React/Gutenberg","Scoped tokens and WordPress account binding","Bounded transport/no secret URLs/local fallback","SDK packs/contracts/Python/PHP/real WordPress","integrations/README.md","Typed errors/current request IDs","Live shared OpenAPI input/claim/query/auth/output contracts, packaged TS/React/Python/PHP clients, resolver CLI, real WordPress native/comment/author/BuddyPress/Gutenberg/REST integration and declarative extension schemas."
"72","CLI","Implemented","Versioned REST/TS/Python/PHP clients/CLI/plugin","Developer portal/React/Gutenberg","Scoped tokens and WordPress account binding","Bounded transport/no secret URLs/local fallback","SDK packs/contracts/Python/PHP/real WordPress","integrations/README.md","Typed errors/current request IDs","Live shared OpenAPI input/claim/query/auth/output contracts, packaged TS/React/Python/PHP clients, resolver CLI, real WordPress native/comment/author/BuddyPress/Gutenberg/REST integration and declarative extension schemas."
"73","WORDPRESS INTEGRATION","Implemented","Versioned REST/TS/Python/PHP clients/CLI/plugin","Developer portal/React/Gutenberg","Scoped tokens and WordPress account binding","Bounded transport/no secret URLs/local fallback","SDK packs/contracts/Python/PHP/real WordPress","integrations/README.md","Typed errors/current request IDs","Live shared OpenAPI input/claim/query/auth/output contracts, packaged TS/React/Python/PHP clients, resolver CLI, real WordPress native/comment/author/BuddyPress/Gutenberg/REST integration and declarative extension schemas."
"74","DEVELOPER PORTAL","Implemented","Versioned REST/TS/Python/PHP clients/CLI/plugin","Developer portal/React/Gutenberg","Scoped tokens and WordPress account binding","Bounded transport/no secret URLs/local fallback","SDK packs/contracts/Python/PHP/real WordPress","integrations/README.md","Typed errors/current request IDs","Live shared OpenAPI input/claim/query/auth/output contracts, packaged TS/React/Python/PHP clients, resolver CLI, real WordPress native/comment/author/BuddyPress/Gutenberg/REST integration and declarative extension schemas."
"75","PROFILE SCHEMA EXTENSIONS","Implemented","Versioned REST/TS/Python/PHP clients/CLI/plugin","Developer portal/React/Gutenberg","Scoped tokens and WordPress account binding","Bounded transport/no secret URLs/local fallback","SDK packs/contracts/Python/PHP/real WordPress","integrations/README.md","Typed errors/current request IDs","Live shared OpenAPI input/claim/query/auth/output contracts, packaged TS/React/Python/PHP clients, resolver CLI, real WordPress native/comment/author/BuddyPress/Gutenberg/REST integration and declarative extension schemas."
"76","SECURITY ARCHITECTURE","Implemented","Core policy/transport/moderation/key ring","Safe errors/moderation/appeals","Fail closed/current locks/independent appeals","Redaction/SSRF/bounds/retention","Unit/roles/privacy/security scans/fault suites","docs/security/threat-model.md","Sanitized logs and correlation IDs","Headers/Origin/quotas, parameterized SQL, safe raster/SSRF/XSS controls, current permission and privacy denials, encrypted key ring, appeals/link safety/retention, secret/dependency/container scans."
"77","SECURITY HEADERS","Implemented","Core policy/transport/moderation/key ring","Safe errors/moderation/appeals","Fail closed/current locks/independent appeals","Redaction/SSRF/bounds/retention","Unit/roles/privacy/security scans/fault suites","docs/security/threat-model.md","Sanitized logs and correlation IDs","Headers/Origin/quotas, parameterized SQL, safe raster/SSRF/XSS controls, current permission and privacy denials, encrypted key ring, appeals/link safety/retention, secret/dependency/container scans."
"78","CSRF / CORS","Implemented","Core policy/transport/moderation/key ring","Safe errors/moderation/appeals","Fail closed/current locks/independent appeals","Redaction/SSRF/bounds/retention","Unit/roles/privacy/security scans/fault suites","docs/security/threat-model.md","Sanitized logs and correlation IDs","Headers/Origin/quotas, parameterized SQL, safe raster/SSRF/XSS controls, current permission and privacy denials, encrypted key ring, appeals/link safety/retention, secret/dependency/container scans."
"79","RATE LIMITING","Implemented","Core policy/transport/moderation/key ring","Safe errors/moderation/appeals","Fail closed/current locks/independent appeals","Redaction/SSRF/bounds/retention","Unit/roles/privacy/security scans/fault suites","docs/security/threat-model.md","Sanitized logs and correlation IDs","Headers/Origin/quotas, parameterized SQL, safe raster/SSRF/XSS controls, current permission and privacy denials, encrypted key ring, appeals/link safety/retention, secret/dependency/container scans."
"80","AUDIT LOGGING","Implemented","Core policy/transport/moderation/key ring","Safe errors/moderation/appeals","Fail closed/current locks/independent appeals","Redaction/SSRF/bounds/retention","Unit/roles/privacy/security scans/fault suites","docs/security/threat-model.md","Sanitized logs and correlation IDs","Headers/Origin/quotas, parameterized SQL, safe raster/SSRF/XSS controls, current permission and privacy denials, encrypted key ring, appeals/link safety/retention, secret/dependency/container scans."
"81","ABUSE AND MODERATION","Implemented","Core policy/transport/moderation/key ring","Safe errors/moderation/appeals","Fail closed/current locks/independent appeals","Redaction/SSRF/bounds/retention","Unit/roles/privacy/security scans/fault suites","docs/security/threat-model.md","Sanitized logs and correlation IDs","Headers/Origin/quotas, parameterized SQL, safe raster/SSRF/XSS controls, current permission and privacy denials, encrypted key ring, appeals/link safety/retention, secret/dependency/container scans."
"82","LINK SAFETY","Implemented","Core policy/transport/moderation/key ring","Safe errors/moderation/appeals","Fail closed/current locks/independent appeals","Redaction/SSRF/bounds/retention","Unit/roles/privacy/security scans/fault suites","docs/security/threat-model.md","Sanitized logs and correlation IDs","Headers/Origin/quotas, parameterized SQL, safe raster/SSRF/XSS controls, current permission and privacy denials, encrypted key ring, appeals/link safety/retention, secret/dependency/container scans."
"83","DATA RETENTION AND DELETION","Implemented","Core policy/transport/moderation/key ring","Safe errors/moderation/appeals","Fail closed/current locks/independent appeals","Redaction/SSRF/bounds/retention","Unit/roles/privacy/security scans/fault suites","docs/security/threat-model.md","Sanitized logs and correlation IDs","Headers/Origin/quotas, parameterized SQL, safe raster/SSRF/XSS controls, current permission and privacy denials, encrypted key ring, appeals/link safety/retention, secret/dependency/container scans."
"84","BACKUP AND RESTORE","Implemented","Worker/scheduler/cache/backup/metrics/release scripts","Developer diagnostics/Prometheus UI","Private operator/moderator boundaries","Encrypted backups and guarded maintenance","Migrations/restore/TLS/resilience/fault/performance","docs/operations/deployment.md","Prometheus SLIs/alerts/queue and pool metrics","Self-hosted runtime, migrations/constraints/concurrent writes, authenticated database+S3 restore, leases/retention/revalidation, SLIs/alerts, separate workload/fault checks and immutable local release preparation. Host-specific publication/alert routing are operator inputs."
"85","PROFILE VERSIONING","Implemented","Merge/export/import/legacy/lifecycle","Export/history/merge/account/legacy panels","Proof of both owners/current authority","Private import/restore; terminal deletion","Advanced/trust/operations/encrypted full restore","docs/operations/recovery.md","Job/checksum/merge/revision records","Actual revision comparison/private restore including deleted blocks; digital legacy acceptance/encrypted evidence/wait/two reviewers/veto/terminal outcomes."
"86","DIGITAL LEGACY","Implemented","Merge/export/import/legacy/lifecycle","Export/history/merge/account/legacy panels","Proof of both owners/current authority","Private import/restore; terminal deletion","Advanced/trust/operations/encrypted full restore","docs/operations/recovery.md","Job/checksum/merge/revision records","Actual revision comparison/private restore including deleted blocks; digital legacy acceptance/encrypted evidence/wait/two reviewers/veto/terminal outcomes."
"87","NOTIFICATIONS","Implemented","Worker/scheduler/cache/backup/metrics/release scripts","Developer diagnostics/Prometheus UI","Private operator/moderator boundaries","Encrypted backups and guarded maintenance","Migrations/restore/TLS/resilience/fault/performance","docs/operations/deployment.md","Prometheus SLIs/alerts/queue and pool metrics","Self-hosted runtime, migrations/constraints/concurrent writes, authenticated database+S3 restore, leases/retention/revalidation, SLIs/alerts, separate workload/fault checks and immutable local release preparation. Host-specific publication/alert routing are operator inputs."
"88","EMAIL SYSTEM","Implemented","Worker/scheduler/cache/backup/metrics/release scripts","Developer diagnostics/Prometheus UI","Private operator/moderator boundaries","Encrypted backups and guarded maintenance","Migrations/restore/TLS/resilience/fault/performance","docs/operations/deployment.md","Prometheus SLIs/alerts/queue and pool metrics","Self-hosted runtime, migrations/constraints/concurrent writes, authenticated database+S3 restore, leases/retention/revalidation, SLIs/alerts, separate workload/fault checks and immutable local release preparation. Host-specific publication/alert routing are operator inputs."
"89","JOB SYSTEM","Implemented","Worker/scheduler/cache/backup/metrics/release scripts","Developer diagnostics/Prometheus UI","Private operator/moderator boundaries","Encrypted backups and guarded maintenance","Migrations/restore/TLS/resilience/fault/performance","docs/operations/deployment.md","Prometheus SLIs/alerts/queue and pool metrics","Self-hosted runtime, migrations/constraints/concurrent writes, authenticated database+S3 restore, leases/retention/revalidation, SLIs/alerts, separate workload/fault checks and immutable local release preparation. Host-specific publication/alert routing are operator inputs."
"90","SCHEDULER","Implemented","Worker/scheduler/cache/backup/metrics/release scripts","Developer diagnostics/Prometheus UI","Private operator/moderator boundaries","Encrypted backups and guarded maintenance","Migrations/restore/TLS/resilience/fault/performance","docs/operations/deployment.md","Prometheus SLIs/alerts/queue and pool metrics","Self-hosted runtime, migrations/constraints/concurrent writes, authenticated database+S3 restore, leases/retention/revalidation, SLIs/alerts, separate workload/fault checks and immutable local release preparation. Host-specific publication/alert routing are operator inputs."
"91","DATABASE DESIGN","Implemented","Worker/scheduler/cache/backup/metrics/release scripts","Developer diagnostics/Prometheus UI","Private operator/moderator boundaries","Encrypted backups and guarded maintenance","Migrations/restore/TLS/resilience/fault/performance","docs/operations/deployment.md","Prometheus SLIs/alerts/queue and pool metrics","Self-hosted runtime, migrations/constraints/concurrent writes, authenticated database+S3 restore, leases/retention/revalidation, SLIs/alerts, separate workload/fault checks and immutable local release preparation. Host-specific publication/alert routing are operator inputs."
"92","TRANSACTIONS AND CONSISTENCY","Implemented","Worker/scheduler/cache/backup/metrics/release scripts","Developer diagnostics/Prometheus UI","Private operator/moderator boundaries","Encrypted backups and guarded maintenance","Migrations/restore/TLS/resilience/fault/performance","docs/operations/deployment.md","Prometheus SLIs/alerts/queue and pool metrics","Self-hosted runtime, migrations/constraints/concurrent writes, authenticated database+S3 restore, leases/retention/revalidation, SLIs/alerts, separate workload/fault checks and immutable local release preparation. Host-specific publication/alert routing are operator inputs."
"93","CACHING","Implemented","Worker/scheduler/cache/backup/metrics/release scripts","Developer diagnostics/Prometheus UI","Private operator/moderator boundaries","Encrypted backups and guarded maintenance","Migrations/restore/TLS/resilience/fault/performance","docs/operations/deployment.md","Prometheus SLIs/alerts/queue and pool metrics","Self-hosted runtime, migrations/constraints/concurrent writes, authenticated database+S3 restore, leases/retention/revalidation, SLIs/alerts, separate workload/fault checks and immutable local release preparation. Host-specific publication/alert routing are operator inputs."
"94","OBSERVABILITY","Implemented","Worker/scheduler/cache/backup/metrics/release scripts","Developer diagnostics/Prometheus UI","Private operator/moderator boundaries","Encrypted backups and guarded maintenance","Migrations/restore/TLS/resilience/fault/performance","docs/operations/deployment.md","Prometheus SLIs/alerts/queue and pool metrics","Self-hosted runtime, migrations/constraints/concurrent writes, authenticated database+S3 restore, leases/retention/revalidation, SLIs/alerts, separate workload/fault checks and immutable local release preparation. Host-specific publication/alert routing are operator inputs."
"95","SERVICE LEVEL INDICATORS","Implemented","Worker/scheduler/cache/backup/metrics/release scripts","Developer diagnostics/Prometheus UI","Private operator/moderator boundaries","Encrypted backups and guarded maintenance","Migrations/restore/TLS/resilience/fault/performance","docs/operations/deployment.md","Prometheus SLIs/alerts/queue and pool metrics","Self-hosted runtime, migrations/constraints/concurrent writes, authenticated database+S3 restore, leases/retention/revalidation, SLIs/alerts, separate workload/fault checks and immutable local release preparation. Host-specific publication/alert routing are operator inputs."
"96","PERFORMANCE","Implemented","Worker/scheduler/cache/backup/metrics/release scripts","Developer diagnostics/Prometheus UI","Private operator/moderator boundaries","Encrypted backups and guarded maintenance","Migrations/restore/TLS/resilience/fault/performance","docs/operations/deployment.md","Prometheus SLIs/alerts/queue and pool metrics","Self-hosted runtime, migrations/constraints/concurrent writes, authenticated database+S3 restore, leases/retention/revalidation, SLIs/alerts, separate workload/fault checks and immutable local release preparation. Host-specific publication/alert routing are operator inputs."
"97","NEXT.JS REQUIREMENTS","Implemented","Compose + domain migrations","Next.js web/admin","Explicit account/member/service boundaries","Private defaults and storage","Build/typecheck/migration/restore","docs/architecture/design.md","Readiness + private process metrics","Typed modular applications, clear domain boundaries, deliberate saving, accessible responsive dashboard, structured editor/reordering and saved audience previews."
"98","NESTJS ARCHITECTURE","Implemented","Compose + domain migrations","Next.js web/admin","Explicit account/member/service boundaries","Private defaults and storage","Build/typecheck/migration/restore","docs/architecture/design.md","Readiness + private process metrics","Typed modular applications, clear domain boundaries, deliberate saving, accessible responsive dashboard, structured editor/reordering and saved audience previews."
"99","CLEAN CODE REQUIREMENTS","Implemented","Compose + domain migrations","Next.js web/admin","Explicit account/member/service boundaries","Private defaults and storage","Build/typecheck/migration/restore","docs/architecture/design.md","Readiness + private process metrics","Typed modular applications, clear domain boundaries, deliberate saving, accessible responsive dashboard, structured editor/reordering and saved audience previews."
"100","DESIGN PATTERNS","Implemented","Compose + domain migrations","Next.js web/admin","Explicit account/member/service boundaries","Private defaults and storage","Build/typecheck/migration/restore","docs/architecture/design.md","Readiness + private process metrics","Typed modular applications, clear domain boundaries, deliberate saving, accessible responsive dashboard, structured editor/reordering and saved audience previews."
"101","UX PRINCIPLES","Implemented","Compose + domain migrations","Next.js web/admin","Explicit account/member/service boundaries","Private defaults and storage","Build/typecheck/migration/restore","docs/architecture/design.md","Readiness + private process metrics","Typed modular applications, clear domain boundaries, deliberate saving, accessible responsive dashboard, structured editor/reordering and saved audience previews."
"102","DASHBOARD UX","Implemented","Compose + domain migrations","Next.js web/admin","Explicit account/member/service boundaries","Private defaults and storage","Build/typecheck/migration/restore","docs/architecture/design.md","Readiness + private process metrics","Typed modular applications, clear domain boundaries, deliberate saving, accessible responsive dashboard, structured editor/reordering and saved audience previews."
"103","PROFILE EDITING","Implemented","Compose + domain migrations","Next.js web/admin","Explicit account/member/service boundaries","Private defaults and storage","Build/typecheck/migration/restore","docs/architecture/design.md","Readiness + private process metrics","Typed modular applications, clear domain boundaries, deliberate saving, accessible responsive dashboard, structured editor/reordering and saved audience previews."
"104","SECURITY UX","Implemented","Auth/account/OAuth modules","Security/account/consent","Verified active session and step-up","Digests/key-ring encryption/replay checks","MFA/WebAuthn/OAuth/account regressions","docs/protocols.md","Sanitized audit and quotas","Verified password/passkey/TOTP/recovery, single-use step-up and backup codes, session revocation, password/email changes and account settings/deletion."
"105","API ERROR MODEL","Implemented","Versioned REST/TS/Python/PHP clients/CLI/plugin","Developer portal/React/Gutenberg","Scoped tokens and WordPress account binding","Bounded transport/no secret URLs/local fallback","SDK packs/contracts/Python/PHP/real WordPress","integrations/README.md","Typed errors/current request IDs","Safe typed API errors/correlation IDs and OAuth protocol errors; bounded validation with no raw SQL/credential messages."
"106","DOCUMENTATION","Implemented","docs/product/implementation-prompt.md","docs/product/roles.md","Role gates and release boundaries","Recorded privacy/security review","specification-check + release evidence","docs/release-report.md","Evidence artifacts and release manifest","Current product/API/protocol/client/security/architecture/deployment/upgrade/recovery and evidence documentation."
"107","TESTING STRATEGY","Implemented","Core policy/transport/moderation/key ring","Safe errors/moderation/appeals","Fail closed/current locks/independent appeals","Redaction/SSRF/bounds/retention","Unit/roles/privacy/security scans/fault suites","docs/security/threat-model.md","Sanitized logs and correlation IDs","Behavioral unit, real HTTP/database/transport, Chrome keyboard/accessibility-tree/WCAG/reduced-motion/mobile/RTL checks. Automated accessibility evidence does not certify every assistive technology."
"108","AUTHORIZATION TEST MATRIX","Implemented","Core policy/transport/moderation/key ring","Safe errors/moderation/appeals","Fail closed/current locks/independent appeals","Redaction/SSRF/bounds/retention","Unit/roles/privacy/security scans/fault suites","docs/security/threat-model.md","Sanitized logs and correlation IDs","Headers/Origin/quotas, parameterized SQL, safe raster/SSRF/XSS controls, current permission and privacy denials, encrypted key ring, appeals/link safety/retention, secret/dependency/container scans."
"109","PRIVACY LEAK TESTS","Implemented","Core policy/transport/moderation/key ring","Safe errors/moderation/appeals","Fail closed/current locks/independent appeals","Redaction/SSRF/bounds/retention","Unit/roles/privacy/security scans/fault suites","docs/security/threat-model.md","Sanitized logs and correlation IDs","Headers/Origin/quotas, parameterized SQL, safe raster/SSRF/XSS controls, current permission and privacy denials, encrypted key ring, appeals/link safety/retention, secret/dependency/container scans."
"110","SECURITY TESTING","Implemented","Core policy/transport/moderation/key ring","Safe errors/moderation/appeals","Fail closed/current locks/independent appeals","Redaction/SSRF/bounds/retention","Unit/roles/privacy/security scans/fault suites","docs/security/threat-model.md","Sanitized logs and correlation IDs","Headers/Origin/quotas, parameterized SQL, safe raster/SSRF/XSS controls, current permission and privacy denials, encrypted key ring, appeals/link safety/retention, secret/dependency/container scans."
"111","ACCESSIBILITY TESTING","Implemented","Core policy/transport/moderation/key ring","Safe errors/moderation/appeals","Fail closed/current locks/independent appeals","Redaction/SSRF/bounds/retention","Unit/roles/privacy/security scans/fault suites","docs/security/threat-model.md","Sanitized logs and correlation IDs","Behavioral unit, real HTTP/database/transport, Chrome keyboard/accessibility-tree/WCAG/reduced-motion/mobile/RTL checks. Automated accessibility evidence does not certify every assistive technology."
"112","PERFORMANCE TESTING","Implemented","Worker/scheduler/cache/backup/metrics/release scripts","Developer diagnostics/Prometheus UI","Private operator/moderator boundaries","Encrypted backups and guarded maintenance","Migrations/restore/TLS/resilience/fault/performance","docs/operations/deployment.md","Prometheus SLIs/alerts/queue and pool metrics","Self-hosted runtime, migrations/constraints/concurrent writes, authenticated database+S3 restore, leases/retention/revalidation, SLIs/alerts, separate workload/fault checks and immutable local release preparation. Host-specific publication/alert routing are operator inputs."
"113","DATABASE TESTS","Implemented","Worker/scheduler/cache/backup/metrics/release scripts","Developer diagnostics/Prometheus UI","Private operator/moderator boundaries","Encrypted backups and guarded maintenance","Migrations/restore/TLS/resilience/fault/performance","docs/operations/deployment.md","Prometheus SLIs/alerts/queue and pool metrics","Self-hosted runtime, migrations/constraints/concurrent writes, authenticated database+S3 restore, leases/retention/revalidation, SLIs/alerts, separate workload/fault checks and immutable local release preparation. Host-specific publication/alert routing are operator inputs."
"114","RESILIENCE TESTING","Implemented","Worker/scheduler/cache/backup/metrics/release scripts","Developer diagnostics/Prometheus UI","Private operator/moderator boundaries","Encrypted backups and guarded maintenance","Migrations/restore/TLS/resilience/fault/performance","docs/operations/deployment.md","Prometheus SLIs/alerts/queue and pool metrics","Self-hosted runtime, migrations/constraints/concurrent writes, authenticated database+S3 restore, leases/retention/revalidation, SLIs/alerts, separate workload/fault checks and immutable local release preparation. Host-specific publication/alert routing are operator inputs."
"115","CI PIPELINE","Implemented","Worker/scheduler/cache/backup/metrics/release scripts","Developer diagnostics/Prometheus UI","Private operator/moderator boundaries","Encrypted backups and guarded maintenance","Migrations/restore/TLS/resilience/fault/performance","docs/operations/deployment.md","Prometheus SLIs/alerts/queue and pool metrics","Self-hosted runtime, migrations/constraints/concurrent writes, authenticated database+S3 restore, leases/retention/revalidation, SLIs/alerts, separate workload/fault checks and immutable local release preparation. Host-specific publication/alert routing are operator inputs."
"116","CD AND RELEASES","Implemented","Worker/scheduler/cache/backup/metrics/release scripts","Developer diagnostics/Prometheus UI","Private operator/moderator boundaries","Encrypted backups and guarded maintenance","Migrations/restore/TLS/resilience/fault/performance","docs/operations/deployment.md","Prometheus SLIs/alerts/queue and pool metrics","Self-hosted runtime, migrations/constraints/concurrent writes, authenticated database+S3 restore, leases/retention/revalidation, SLIs/alerts, separate workload/fault checks and immutable local release preparation. Host-specific publication/alert routing are operator inputs."
"117","QUALITY GATE LOOP","Implemented","docs/product/implementation-prompt.md","docs/product/roles.md","Role gates and release boundaries","Recorded privacy/security review","specification-check + release evidence","docs/release-report.md","Evidence artifacts and release manifest","Full original scope/81 role perspectives retained; observable regressions, defect correction, current documentation and release artifact checks. Live GitHub/public DNS/SMTP and external publication require deployment inputs."
"118","NO-PLACEHOLDER RULE","Implemented","docs/product/implementation-prompt.md","docs/product/roles.md","Role gates and release boundaries","Recorded privacy/security review","specification-check + release evidence","docs/release-report.md","Evidence artifacts and release manifest","Full original scope/81 role perspectives retained; observable regressions, defect correction, current documentation and release artifact checks. Live GitHub/public DNS/SMTP and external publication require deployment inputs."
"119","NO FAKE TEST RULE","Implemented","docs/product/implementation-prompt.md","docs/product/roles.md","Role gates and release boundaries","Recorded privacy/security review","specification-check + release evidence","docs/release-report.md","Evidence artifacts and release manifest","Full original scope/81 role perspectives retained; observable regressions, defect correction, current documentation and release artifact checks. Live GitHub/public DNS/SMTP and external publication require deployment inputs."
"120","NO SILENT ERROR RULE","Implemented","docs/product/implementation-prompt.md","docs/product/roles.md","Role gates and release boundaries","Recorded privacy/security review","specification-check + release evidence","docs/release-report.md","Evidence artifacts and release manifest","Full original scope/81 role perspectives retained; observable regressions, defect correction, current documentation and release artifact checks. Live GitHub/public DNS/SMTP and external publication require deployment inputs."
"121","FEATURE COMPLETENESS MATRIX","Implemented","docs/product/implementation-prompt.md","docs/product/roles.md","Role gates and release boundaries","Recorded privacy/security review","specification-check + release evidence","docs/release-report.md","Evidence artifacts and release manifest","Full original scope/81 role perspectives retained; observable regressions, defect correction, current documentation and release artifact checks. Live GitHub/public DNS/SMTP and external publication require deployment inputs."
"122","PRODUCT REVIEW GATE","Implemented","docs/product/implementation-prompt.md","docs/product/roles.md","Role gates and release boundaries","Recorded privacy/security review","specification-check + release evidence","docs/release-report.md","Evidence artifacts and release manifest","Full original scope/81 role perspectives retained; observable regressions, defect correction, current documentation and release artifact checks. Live GitHub/public DNS/SMTP and external publication require deployment inputs."
"123","IMPLEMENTATION ORDER","Implemented","docs/product/implementation-prompt.md","docs/product/roles.md","Role gates and release boundaries","Recorded privacy/security review","specification-check + release evidence","docs/release-report.md","Evidence artifacts and release manifest","Full original scope/81 role perspectives retained; observable regressions, defect correction, current documentation and release artifact checks. Live GitHub/public DNS/SMTP and external publication require deployment inputs."
"124","REQUIRED OUTPUT WHILE IMPLEMENTING","Implemented","docs/product/implementation-prompt.md","docs/product/roles.md","Role gates and release boundaries","Recorded privacy/security review","specification-check + release evidence","docs/release-report.md","Evidence artifacts and release manifest","Full original scope/81 role perspectives retained; observable regressions, defect correction, current documentation and release artifact checks. Live GitHub/public DNS/SMTP and external publication require deployment inputs."
"125","REQUIRED FINAL VALIDATION","Implemented","docs/product/implementation-prompt.md","docs/product/roles.md","Role gates and release boundaries","Recorded privacy/security review","specification-check + release evidence","docs/release-report.md","Evidence artifacts and release manifest","Full original scope/81 role perspectives retained; observable regressions, defect correction, current documentation and release artifact checks. Live GitHub/public DNS/SMTP and external publication require deployment inputs."
"126","TEST-FAILURE POLICY","Implemented","docs/product/implementation-prompt.md","docs/product/roles.md","Role gates and release boundaries","Recorded privacy/security review","specification-check + release evidence","docs/release-report.md","Evidence artifacts and release manifest","Full original scope/81 role perspectives retained; observable regressions, defect correction, current documentation and release artifact checks. Live GitHub/public DNS/SMTP and external publication require deployment inputs."
"127","SECURITY-FAILURE POLICY","Implemented","docs/product/implementation-prompt.md","docs/product/roles.md","Role gates and release boundaries","Recorded privacy/security review","specification-check + release evidence","docs/release-report.md","Evidence artifacts and release manifest","Full original scope/81 role perspectives retained; observable regressions, defect correction, current documentation and release artifact checks. Live GitHub/public DNS/SMTP and external publication require deployment inputs."
"128","PERFORMANCE-FAILURE POLICY","Implemented","docs/product/implementation-prompt.md","docs/product/roles.md","Role gates and release boundaries","Recorded privacy/security review","specification-check + release evidence","docs/release-report.md","Evidence artifacts and release manifest","Full original scope/81 role perspectives retained; observable regressions, defect correction, current documentation and release artifact checks. Live GitHub/public DNS/SMTP and external publication require deployment inputs."
"129","DEFINITION OF DONE","Implemented","docs/product/implementation-prompt.md","docs/product/roles.md","Role gates and release boundaries","Recorded privacy/security review","specification-check + release evidence","docs/release-report.md","Evidence artifacts and release manifest","Full original scope/81 role perspectives retained; observable regressions, defect correction, current documentation and release artifact checks. Live GitHub/public DNS/SMTP and external publication require deployment inputs."
"130","EXPECTED USER JOURNEYS","Implemented","docs/product/implementation-prompt.md","docs/product/roles.md","Role gates and release boundaries","Recorded privacy/security review","specification-check + release evidence","docs/release-report.md","Evidence artifacts and release manifest","Full original scope/81 role perspectives retained; observable regressions, defect correction, current documentation and release artifact checks. Live GitHub/public DNS/SMTP and external publication require deployment inputs."
"131","FINAL ENGINEERING PHILOSOPHY","Implemented","docs/product/implementation-prompt.md","docs/product/roles.md","Role gates and release boundaries","Recorded privacy/security review","specification-check + release evidence","docs/release-report.md","Evidence artifacts and release manifest","Full original scope/81 role perspectives retained; observable regressions, defect correction, current documentation and release artifact checks. Live GitHub/public DNS/SMTP and external publication require deployment inputs."
"132","FINAL MANDATE","Implemented","docs/product/implementation-prompt.md","docs/product/roles.md","Role gates and release boundaries","Recorded privacy/security review","specification-check + release evidence","docs/release-report.md","Evidence artifacts and release manifest","Full original scope/81 role perspectives retained; observable regressions, defect correction, current documentation and release artifact checks. Live GitHub/public DNS/SMTP and external publication require deployment inputs."
